Precision,Recall,F1_score
0.9873628601850217,0.9873081463990555,0.9878362124950897
0.9884951021878894,0.9881936245572609,0.9878362124950897
0.9883253424888423,0.9879968516332153,0.9878362124950897
