Precision,Recall,F1_score
0.907624448411302,0.9028877503493247,0.9531941808549864
0.970603719910228,0.9697251979506288,0.9531941808549864
0.9868517632373421,0.9864896342883764,0.9531941808549864
