Precision,Recall,F1_score
0.9531037199524485,0.9509951749095296,0.9645365214709437
0.9643957317990499,0.9636555572311869,0.9645365214709437
0.9792066123913309,0.9788870456944654,0.9645365214709437
