Precision,Recall,F1_score
0.9683654244844544,0.9681318681318681,0.9857836403501742
0.9914350861196001,0.9913919413919414,0.9857836403501742
0.9978024127952934,0.9978021978021978,0.9857836403501742
