Precision,Recall,F1_score
0.9808520215412545,0.9806996381182147,0.9913129396588576
0.9944498664362572,0.9944201477906801,0.9913129396588576
0.9987980552126603,0.9987935454682552,0.9913129396588576
