Precision,Recall,F1_score
0.963505737933001,0.9630702389572773,0.9781881103778507
0.9859464028179611,0.9859522085445329,0.9781881103778507
0.9860799415323143,0.9858053302433372,0.9781881103778507
