Precision,Recall,F1_score
0.9499198737412712,0.9474240821876416,0.9770802243616729
0.9893579581397812,0.9891205802357208,0.9770802243616729
0.9956542154117166,0.995618011483832,0.9770802243616729
