Precision,Recall,F1_score
0.9689468210744624,0.967971851317214,0.9842175795657807
0.9918623920371104,0.9917892267436614,0.9842175795657807
0.9930503800123759,0.9929621943517098,0.9842175795657807
