Precision,Recall,F1_score
0.9200007087774683,0.9111721611721612,0.938331240924108
0.949404832976873,0.9487179487179487,0.938331240924108
0.9558080225081974,0.9545787545787546,0.938331240924108
