Precision,Recall,F1_score
0.9483075103081599,0.9463369963369963,0.9693740897757875
0.9774267137935708,0.9771062271062271,0.9693740897757875
0.9848554703790036,0.9844322344322345,0.9693740897757875
