Precision,Recall,F1_score
0.7992661486617713,0.7969481794833057,0.858998125241086
0.8804954790310858,0.8661226956784527,0.858998125241086
0.9286809720707724,0.9209731036566938,0.858998125241086
