Precision,Recall,F1_score
0.9929783180901216,0.9928177882723337,0.9962958934577143
0.9961058326716788,0.996064541519087,0.9962958934577143
1.0,1.0,0.9962958934577143
