Precision,Recall,F1_score
0.9779337951997247,0.977697320782042,0.9913249208723977
0.9976868265203674,0.9976828385228096,0.9913249208723977
0.9985524081180176,0.9985515643105446,0.9913249208723977
