Precision,Recall,F1_score
0.8504130613784503,0.8234946871310508,0.8263576659145568
0.9053241551502427,0.8715072805981897,0.8756203563523366
0.92013067917828,0.8940377804014168,0.8974403958202906
