Precision,Recall,F1_score
0.9052892425909672,0.9051282051282051,0.9046987386373834
0.9438022802335961,0.9432234432234432,0.9430544122367344
0.9647459075645607,0.9639194139194139,0.963951515493388
