Precision,Recall,F1_score
0.8825665514677205,0.8754075454122031,0.8746804229218148
0.9069604136782544,0.9045179319981369,0.9032689230121989
0.9313497071689038,0.9280223619846262,0.9282496135694217
