Precision,Recall,F1_score
0.9981336898577564,0.9981306572215664,0.999146552037773
0.9997054393145117,0.9997048406139315,0.999146552037773
0.9996068298381395,0.9996064541519087,0.999146552037773
