Precision,Recall,F1_score
0.9010316851638154,0.9000724112961622,0.8975826320650538
0.9232075310344785,0.9217958001448225,0.9201228471080171
0.9359699806248205,0.9319235225955967,0.9321847642161074
