Precision,Recall,F1_score
0.9954113418586588,0.995398773006135,0.9980759501633685
0.9998196719752255,0.9998195434449156,0.9980759501633685
0.9990083780294351,0.999007488947036,0.9980759501633685
