Precision,Recall,F1_score
0.9278449014509005,0.9268771717782143,0.966660017249035
0.9788264660726268,0.9782411604714415,0.966660017249035
0.9955062229109349,0.9954669084315503,0.966660017249035
