Precision,Recall,F1_score
0.7902055224911934,0.7906028100921589,0.7857544445322818
0.8750751798088992,0.8766999093381687,0.8744386804687899
0.9262273509509182,0.9227863402840737,0.9226098364299322
