Precision,Recall,F1_score
0.9495696538604329,0.9467701190905811,0.9685406928002799
0.9739348944075965,0.9729315167373455,0.9685406928002799
0.9855886968738036,0.9853830190381666,0.9685406928002799
