Precision,Recall,F1_score
0.9614823253477784,0.9611085235211924,0.9839362072676519
0.9953692980804724,0.9953423381462506,0.9839362072676519
0.9956207055137782,0.995574190542744,0.9839362072676519
