Precision,Recall,F1_score
0.9881701268221111,0.9880952380952381,0.9955172687629443
0.9986253165168989,0.9986225895316805,0.9955172687629443
0.9999016474409621,0.9999016135379771,0.9955172687629443
