Precision,Recall,F1_score
0.9456019487357509,0.9451578788336606,0.9789772721225717
0.9962545024926045,0.9962224236929585,0.9789772721225717
0.9962693028970628,0.9960713206406769,0.9789772721225717
