Precision,Recall,F1_score
0.8440019440377787,0.8216115510013973,0.8804368701218358
0.8947268314584782,0.8868188169538892,0.8804368701218358
0.9314953616480308,0.9284882366643373,0.8804368701218358
