Precision,Recall,F1_score
0.9583979369541951,0.9578481602235678,0.9842042004187658
0.9960462135948205,0.996040987424313,0.9842042004187658
0.9988421055714636,0.9988353133007221,0.9842042004187658
