Precision,Recall,F1_score
0.9966650280112076,0.9966618549260194,0.9981950501245739
0.9991894435914782,0.9991879455021203,0.9981950501245739
0.9987395665400682,0.9987368041144095,0.9981950501245739
