Precision,Recall,F1_score
0.9701995798221543,0.9701465201465201,0.9879092741619072
0.9950543364492198,0.9950549450549451,0.9879092741619072
0.9985378481112791,0.9985347985347985,0.9879092741619072
